
-- Database: placement_eligibility_db
--

-- --------------------------------------------------------

--
-- Table structure for table placements
--

CREATE TABLE placements (
    placement_id INTEGER PRIMARY KEY AUTOINCREMENT,
    student_id INTEGER,
    mock_interview_score INTEGER,
    internships_completed INTEGER,
    placement_status TEXT,
    company_name TEXT,
    placement_package REAL,
    interview_rounds_cleared INTEGER,
    placement_date TEXT
);

--
-- Dumping data for table placements
--

INSERT INTO placements (placement_id, student_id, mock_interview_score, internships_completed, placement_status, company_name, placement_package, interview_rounds_cleared, placement_date) VALUES
(1, 1, 90, 2, 'Not Placed', 'Cognizant', 5.59, 1, NULL),
(2, 2, 70, 1, 'Not Placed', 'Cognizant', 5.59, 0, NULL),
(3, 3, 48, 1, 'Not Placed', 'Cognizant', 5.59, 1, NULL),
(4, 4, 81, 0, 'Not Placed', 'Cognizant', 5.59, 1, NULL),
(5, 5, 70, 3, 'Not Placed', 'Cognizant', 5.59, 2, NULL),
(6, 6, 47, 2, 'Placed', 'TCS', 8.43, 1, '2024-09-26'),
(7, 7, 73, 3, 'Not Placed', 'TCS', 8.43, 1, NULL),
(8, 8, 83, 0, 'Not Placed', 'TCS', 8.43, 2, NULL),
(9, 9, 66, 2, 'Not Placed', 'TCS', 8.43, 1, NULL),
(10, 10, 55, 1, 'Placed', 'Accenture', 7.53, 4, '2024-03-19'),
(11, 11, 49, 3, 'Not Placed', 'Accenture', 7.53, 0, NULL),
(12, 12, 42, 0, 'Not Placed', 'Accenture', 7.53, 0, NULL),
(13, 13, 80, 3, 'Not Placed', 'Accenture', 7.53, 2, NULL),
(14, 14, 87, 1, 'Not Placed', 'Accenture', 7.53, 0, NULL),
(15, 15, 81, 0, 'Not Placed', 'Accenture', 7.53, 2, NULL),
(16, 16, 94, 2, 'Placed', 'Zoho', 11.81, 1, '2024-07-23'),
(17, 17, 81, 2, 'Placed', 'Wipro', 9.42, 4, '2024-03-27'),
(18, 18, 54, 1, 'Placed', 'Infosys', 10.36, 0, '2024-01-24'),
(19, 19, 65, 2, 'Not Placed', 'Infosys', 10.36, 2, NULL),
(20, 20, 85, 3, 'Not Placed', 'Infosys', 10.36, 0, NULL),
(21, 21, 67, 2, 'Placed', 'HCL', 4.24, 2, '2024-03-10'),
(22, 22, 81, 2, 'Placed', 'Zoho', 10.45, 2, '2024-07-06'),
(23, 23, 94, 1, 'Not Placed', 'Zoho', 10.45, 1, NULL),
(24, 24, 77, 3, 'Not Placed', 'Zoho', 10.45, 2, NULL),
(25, 25, 52, 0, 'Not Placed', 'Zoho', 10.45, 0, NULL),
(26, 26, 92, 3, 'Not Placed', 'Zoho', 10.45, 1, NULL),
(27, 27, 64, 3, 'Placed', 'Capgemini', 3.77, 0, '2024-09-21'),
(28, 28, 92, 0, 'Placed', 'Accenture', 6.90, 0, '2024-05-31'),
(29, 29, 62, 3, 'Not Placed', 'Accenture', 6.90, 2, NULL),
(30, 30, 52, 0, 'Placed', 'Wipro', 5.74, 1, '2024-04-14'),
(31, 31, 57, 2, 'Placed', 'Infosys', 6.70, 4, '2024-10-14'),
(32, 32, 86, 1, 'Not Placed', 'Infosys', 6.70, 2, NULL),
(33, 33, 88, 1, 'Not Placed', 'Infosys', 6.70, 2, NULL),
(34, 34, 42, 3, 'Not Placed', 'Infosys', 6.70, 1, NULL),
(35, 35, 84, 3, 'Not Placed', 'Infosys', 6.70, 1, NULL),
(36, 36, 92, 3, 'Not Placed', 'Infosys', 6.70, 1, NULL),
(37, 37, 44, 1, 'Placed', 'Wipro', 7.55, 3, '2025-01-01'),
(38, 38, 52, 3, 'Placed', 'TCS', 7.59, 4, '2025-02-18'),
(39, 39, 46, 1, 'Not Placed', 'TCS', 7.59, 1, NULL),
(40, 40, 84, 0, 'Not Placed', 'TCS', 7.59, 0, NULL),
(41, 41, 88, 3, 'Placed', 'Wipro', 11.84, 0, '2024-05-16'),
(42, 42, 85, 2, 'Not Placed', 'Wipro', 11.84, 2, NULL),
(43, 43, 58, 0, 'Placed', 'Wipro', 6.48, 2, '2025-02-24'),
(44, 44, 42, 1, 'Not Placed', 'Wipro', 6.48, 2, NULL),
(45, 45, 46, 2, 'Placed', 'HCL', 4.44, 5, '2024-11-23'),
(46, 46, 66, 2, 'Not Placed', 'HCL', 4.44, 1, NULL),
(47, 47, 83, 2, 'Not Placed', 'HCL', 4.44, 2, NULL),
(48, 48, 41, 1, 'Not Placed', 'HCL', 4.44, 2, NULL),
(49, 49, 52, 3, 'Placed', 'TCS', 9.35, 5, '2024-09-19'),
(50, 50, 75, 3, 'Placed', 'Infosys', 8.71, 1, '2024-07-31'),
(51, 51, 86, 2, 'Placed', 'Accenture', 3.77, 3, '2024-12-22'),
(52, 52, 42, 3, 'Placed', 'Cognizant', 6.54, 3, '2024-09-04'),
(53, 53, 56, 2, 'Not Placed', 'Cognizant', 6.54, 0, NULL),
(54, 54, 86, 3, 'Not Placed', 'Cognizant', 6.54, 0, NULL),
(55, 55, 73, 0, 'Not Placed', 'Cognizant', 6.54, 2, NULL),
(56, 56, 78, 3, 'Not Placed', 'Cognizant', 6.54, 2, NULL),
(57, 57, 57, 0, 'Not Placed', 'Cognizant', 6.54, 1, NULL),
(58, 58, 59, 1, 'Not Placed', 'Cognizant', 6.54, 0, NULL),
(59, 59, 94, 2, 'Placed', 'HCL', 3.27, 3, '2024-03-04'),
(60, 60, 93, 1, 'Not Placed', 'HCL', 3.27, 2, NULL),
(61, 61, 47, 3, 'Placed', 'Cognizant', 10.25, 2, '2025-01-10'),
(62, 62, 64, 2, 'Not Placed', 'Cognizant', 10.25, 0, NULL),
(63, 63, 41, 1, 'Not Placed', 'Cognizant', 10.25, 1, NULL),
(64, 64, 80, 0, 'Not Placed', 'Cognizant', 10.25, 1, NULL),
(65, 65, 94, 2, 'Not Placed', 'Cognizant', 10.25, 1, NULL),
(66, 66, 52, 2, 'Not Placed', 'Cognizant', 10.25, 0, NULL),
(67, 67, 88, 0, 'Not Placed', 'Cognizant', 10.25, 2, NULL),
(68, 68, 83, 2, 'Placed', 'Accenture', 9.60, 2, '2024-09-10'),
(69, 69, 45, 0, 'Not Placed', 'Accenture', 9.60, 2, NULL),
(70, 70, 49, 3, 'Not Placed', 'Accenture', 9.60, 0, NULL),
(71, 71, 63, 3, 'Placed', 'HCL', 3.10, 3, '2024-05-11'),
(72, 72, 72, 0, 'Placed', 'TCS', 4.22, 3, '2024-03-12'),
(73, 73, 76, 1, 'Not Placed', 'TCS', 4.22, 1, NULL),
(74, 74, 71, 0, 'Not Placed', 'TCS', 4.22, 2, NULL),
(75, 75, 51, 0, 'Not Placed', 'TCS', 4.22, 2, NULL),
(76, 76, 82, 0, 'Not Placed', 'TCS', 4.22, 2, NULL),
(77, 77, 75, 0, 'Not Placed', 'TCS', 4.22, 0, NULL),
(78, 78, 44, 0, 'Placed', 'Capgemini', 3.05, 4, '2024-03-28'),
(79, 79, 88, 0, 'Not Placed', 'Capgemini', 3.05, 2, NULL),
(80, 80, 87, 1, 'Placed', 'Infosys', 3.61, 4, '2024-03-26'),
(81, 81, 63, 2, 'Not Placed', 'Infosys', 3.61, 1, NULL),
(82, 82, 93, 0, 'Not Placed', 'Infosys', 3.61, 0, NULL),
(83, 83, 84, 0, 'Not Placed', 'Infosys', 3.61, 1, NULL),
(84, 84, 87, 3, 'Placed', 'TCS', 10.91, 0, '2024-03-04'),
(85, 85, 79, 0, 'Placed', 'TCS', 5.23, 4, '2024-09-06'),
(86, 86, 66, 1, 'Placed', 'Infosys', 8.36, 1, '2025-03-01'),
(87, 87, 72, 0, 'Placed', 'Capgemini', 6.02, 3, '2024-05-10'),
(88, 88, 73, 2, 'Not Placed', 'Capgemini', 6.02, 0, NULL),
(89, 89, 75, 3, 'Placed', 'HCL', 11.16, 2, '2024-06-18'),
(90, 90, 60, 1, 'Placed', 'Accenture', 7.57, 1, '2025-01-25'),
(91, 91, 91, 0, 'Not Placed', 'Accenture', 7.57, 2, NULL),
(92, 92, 93, 0, 'Placed', 'Cognizant', 8.22, 0, '2024-03-14'),
(93, 93, 79, 3, 'Placed', 'Capgemini', 8.49, 5, '2024-11-17'),
(94, 94, 49, 1, 'Not Placed', 'Capgemini', 8.49, 2, NULL),
(95, 95, 47, 2, 'Not Placed', 'Capgemini', 8.49, 1, NULL),
(96, 96, 89, 1, 'Placed', 'Infosys', 11.92, 5, '2025-01-02'),
(97, 97, 67, 0, 'Not Placed', 'Infosys', 11.92, 1, NULL),
(98, 98, 64, 0, 'Not Placed', 'Infosys', 11.92, 0, NULL),
(99, 99, 54, 1, 'Placed', 'Accenture', 6.37, 3, '2025-01-26'),
(100, 100, 54, 0, 'Placed', 'Capgemini', 8.93, 2, '2024-11-20'),
(101, 101, 67, 3, 'Placed', 'TCS', 9.03, 4, '2024-09-09'),
(102, 102, 54, 0, 'Placed', 'HCL', 9.64, 3, '2024-09-20'),
(103, 103, 44, 3, 'Placed', 'Wipro', 8.48, 1, '2025-02-11'),
(104, 104, 86, 2, 'Not Placed', 'Wipro', 8.48, 0, NULL),
(105, 105, 67, 0, 'Placed', 'Capgemini', 9.41, 5, '2024-10-28'),
(106, 106, 45, 1, 'Not Placed', 'Capgemini', 9.41, 1, NULL),
(107, 107, 66, 1, 'Not Placed', 'Capgemini', 9.41, 1, NULL),
(108, 108, 87, 2, 'Not Placed', 'Capgemini', 9.41, 2, NULL),
(109, 109, 60, 2, 'Placed', 'Wipro', 3.32, 3, '2024-08-16'),
(110, 110, 48, 0, 'Placed', 'Cognizant', 9.54, 0, '2024-09-05'),
(111, 111, 79, 0, 'Not Placed', 'Cognizant', 9.54, 0, NULL),
(112, 112, 52, 1, 'Not Placed', 'Cognizant', 9.54, 0, NULL),
(113, 113, 60, 2, 'Not Placed', 'Cognizant', 9.54, 1, NULL),
(114, 114, 45, 3, 'Not Placed', 'Cognizant', 9.54, 2, NULL),
(115, 115, 60, 0, 'Placed', 'Capgemini', 3.38, 2, '2024-04-07'),
(116, 116, 92, 1, 'Placed', 'Infosys', 5.27, 1, '2024-10-21'),
(117, 117, 77, 0, 'Not Placed', 'Infosys', 5.27, 2, NULL),
(118, 118, 41, 3, 'Placed', 'HCL', 11.84, 2, '2024-09-30'),
(119, 119, 66, 1, 'Not Placed', 'HCL', 11.84, 0, NULL),
(120, 120, 49, 1, 'Not Placed', 'HCL', 11.84, 1, NULL),
(121, 121, 79, 2, 'Not Placed', 'HCL', 11.84, 0, NULL),
(122, 122, 51, 1, 'Not Placed', 'HCL', 11.84, 0, NULL),
(123, 123, 76, 3, 'Not Placed', 'HCL', 11.84, 1, NULL),
(124, 124, 64, 2, 'Not Placed', 'HCL', 11.84, 0, NULL),
(125, 125, 43, 2, 'Placed', 'HCL', 7.51, 0, '2024-01-04'),
(126, 126, 50, 2, 'Not Placed', 'HCL', 7.51, 0, NULL),
(127, 127, 57, 1, 'Not Placed', 'HCL', 7.51, 1, NULL),
(128, 128, 91, 2, 'Placed', 'Capgemini', 4.76, 5, '2024-05-13'),
(129, 129, 85, 1, 'Not Placed', 'Capgemini', 4.76, 1, NULL),
(130, 130, 77, 1, 'Not Placed', 'Capgemini', 4.76, 2, NULL),
(131, 131, 40, 2, 'Placed', 'Wipro', 10.63, 1, '2024-03-15'),
(132, 132, 73, 3, 'Placed', 'Zoho', 9.11, 2, '2024-11-09'),
(133, 133, 85, 2, 'Placed', 'Infosys', 11.83, 3, '2024-11-17'),
(134, 134, 41, 0, 'Not Placed', 'Infosys', 11.83, 0, NULL),
(135, 135, 93, 3, 'Not Placed', 'Infosys', 11.83, 2, NULL),
(136, 136, 88, 2, 'Not Placed', 'Infosys', 11.83, 1, NULL),
(137, 137, 86, 3, 'Not Placed', 'Infosys', 11.83, 2, NULL),
(138, 138, 91, 2, 'Placed', 'Infosys', 4.08, 3, '2024-09-11'),
(139, 139, 48, 3, 'Not Placed', 'Infosys', 4.08, 1, NULL),
(140, 140, 75, 2, 'Not Placed', 'Infosys', 4.08, 1, NULL),
(141, 141, 61, 2, 'Placed', 'Cognizant', 10.26, 0, '2024-03-31'),
(142, 142, 83, 2, 'Placed', 'Zoho', 11.91, 4, '2024-03-06'),
(143, 143, 63, 2, 'Placed', 'Accenture', 7.85, 1, '2024-03-17'),
(144, 144, 49, 2, 'Not Placed', 'Accenture', 7.85, 1, NULL),
(145, 145, 75, 3, 'Not Placed', 'Accenture', 7.85, 0, NULL),
(146, 146, 66, 0, 'Placed', 'Wipro', 10.21, 1, '2024-08-25'),
(147, 147, 57, 2, 'Placed', 'Accenture', 3.71, 4, '2024-02-19'),
(148, 148, 52, 2, 'Not Placed', 'Accenture', 3.71, 2, NULL),
(149, 149, 89, 2, 'Not Placed', 'Accenture', 3.71, 1, NULL),
(150, 150, 77, 1, 'Placed', 'Infosys', 5.26, 1, '2024-01-12'),
(151, 151, 61, 3, 'Not Placed', 'Infosys', 5.26, 1, NULL),
(152, 152, 69, 3, 'Not Placed', 'Infosys', 5.26, 1, NULL),
(153, 153, 72, 2, 'Not Placed', 'Infosys', 5.26, 2, NULL),
(154, 154, 56, 0, 'Placed', 'Zoho', 3.84, 2, '2024-06-18'),
(155, 155, 46, 1, 'Not Placed', 'Zoho', 3.84, 1, NULL),
(156, 156, 57, 0, 'Placed', 'Wipro', 9.57, 2, '2024-02-25'),
(157, 157, 62, 2, 'Not Placed', 'Wipro', 9.57, 1, NULL),
(158, 158, 93, 0, 'Not Placed', 'Wipro', 9.57, 0, NULL),
(159, 159, 55, 0, 'Placed', 'Capgemini', 11.32, 3, '2025-01-26'),
(160, 160, 42, 0, 'Placed', 'Cognizant', 11.50, 2, '2024-06-09'),
(161, 161, 86, 0, 'Placed', 'HCL', 4.57, 4, '2024-02-15'),
(162, 162, 90, 1, 'Not Placed', 'HCL', 4.57, 1, NULL);

-- --------------------------------------------------------

--
-- Table structure for table soft_skills
--

CREATE TABLE soft_skills (
    soft_skill_id INTEGER PRIMARY KEY AUTOINCREMENT,
    student_id INTEGER,
    communication_score INTEGER,
    teamwork_score INTEGER,
    presentation_score INTEGER,
    leadership_score INTEGER,
    critical_thinking_score INTEGER,
    interpersonal_score INTEGER
);

--
-- Dumping data for table soft_skills
--

INSERT INTO soft_skills (soft_skill_id, student_id, communication_score, teamwork_score, presentation_score, leadership_score, critical_thinking_score, interpersonal_score) VALUES
(1, 1, 50, 88, 85, 54, 61, 94),
(2, 2, 73, 89, 46, 60, 57, 78),
(3, 3, 65, 84, 90, 71, 48, 56),
(4, 4, 62, 90, 81, 44, 82, 76),
(5, 5, 86, 73, 94, 68, 75, 87),
(6, 6, 57, 55, 56, 88, 57, 74),
(7, 7, 85, 54, 72, 52, 46, 93),
(8, 8, 55, 52, 66, 61, 46, 64),
(9, 9, 88, 70, 84, 84, 62, 83),
(10, 10, 74, 87, 69, 85, 49, 72),
(11, 11, 89, 65, 70, 62, 87, 60),
(12, 12, 64, 53, 88, 59, 87, 74),
(13, 13, 59, 86, 72, 80, 80, 71),
(14, 14, 54, 87, 69, 62, 49, 67),
(15, 15, 60, 50, 83, 72, 46, 67),
(16, 16, 52, 78, 81, 74, 76, 72),
(17, 17, 50, 71, 54, 72, 86, 54),
(18, 18, 56, 58, 94, 64, 77, 75),
(19, 19, 53, 81, 60, 70, 91, 83),
(20, 20, 71, 89, 62, 55, 81, 73),
(21, 21, 82, 61, 66, 49, 92, 92),
(22, 22, 54, 85, 86, 70, 67, 82),
(23, 23, 61, 67, 64, 44, 62, 88),
(24, 24, 50, 77, 64, 56, 91, 80),
(25, 25, 51, 76, 55, 50, 65, 74),
(26, 26, 75, 84, 77, 82, 50, 51),
(27, 27, 60, 79, 53, 66, 45, 71),
(28, 28, 58, 62, 59, 54, 50, 78),
(29, 29, 88, 83, 67, 65, 75, 56),
(30, 30, 89, 54, 88, 52, 55, 84),
(31, 31, 67, 69, 78, 60, 93, 52),
(32, 32, 55, 65, 68, 49, 61, 55),
(33, 33, 90, 81, 54, 56, 56, 60),
(34, 34, 53, 53, 59, 74, 68, 66),
(35, 35, 70, 50, 77, 83, 45, 50),
(36, 36, 79, 72, 72, 57, 81, 50),
(37, 37, 84, 85, 77, 66, 46, 90),
(38, 38, 82, 56, 87, 67, 73, 59),
(39, 39, 52, 78, 94, 82, 68, 88),
(40, 40, 74, 58, 94, 76, 75, 91),
(41, 41, 62, 78, 83, 65, 66, 79),
(42, 42, 52, 61, 74, 69, 63, 52),
(43, 43, 65, 52, 79, 70, 60, 71),
(44, 44, 75, 72, 75, 63, 60, 53),
(45, 45, 56, 71, 82, 84, 83, 68),
(46, 46, 92, 66, 47, 83, 68, 72),
(47, 47, 91, 52, 62, 51, 64, 89),
(48, 48, 54, 54, 50, 66, 68, 68),
(49, 49, 52, 61, 45, 57, 86, 82),
(50, 50, 87, 53, 81, 83, 77, 74),
(51, 51, 77, 67, 73, 59, 85, 74),
(52, 52, 69, 68, 69, 73, 65, 95),
(53, 53, 58, 80, 77, 82, 51, 59),
(54, 54, 82, 60, 87, 59, 95, 84),
(55, 55, 90, 55, 53, 50, 49, 64),
(56, 56, 55, 70, 67, 80, 48, 73),
(57, 57, 75, 83, 55, 54, 58, 79),
(58, 58, 87, 87, 50, 57, 89, 76),
(59, 59, 57, 50, 63, 71, 92, 64),
(60, 60, 93, 61, 64, 62, 80, 56),
(61, 61, 55, 81, 47, 50, 93, 60),
(62, 62, 53, 88, 52, 79, 47, 57),
(63, 63, 85, 65, 88, 90, 54, 85),
(64, 64, 86, 67, 79, 90, 68, 54),
(65, 65, 56, 56, 76, 69, 94, 91),
(66, 66, 55, 88, 57, 72, 89, 76),
(67, 67, 61, 52, 45, 90, 67, 51),
(68, 68, 95, 88, 74, 77, 61, 73),
(69, 69, 91, 70, 80, 70, 61, 90),
(70, 70, 54, 55, 64, 55, 76, 73),
(71, 71, 62, 61, 90, 48, 60, 80),
(72, 72, 77, 83, 61, 45, 66, 74),
(73, 73, 80, 87, 50, 87, 62, 53),
(74, 74, 59, 82, 54, 57, 63, 56),
(75, 75, 91, 61, 63, 85, 50, 60),
(76, 76, 89, 58, 85, 61, 89, 73),
(77, 77, 59, 68, 61, 63, 54, 72),
(78, 78, 90, 76, 86, 64, 73, 60),
(79, 79, 61, 72, 62, 57, 46, 93),
(80, 80, 76, 56, 86, 85, 61, 79),
(81, 81, 75, 59, 92, 45, 60, 61),
(82, 82, 61, 66, 74, 66, 67, 83),
(83, 83, 52, 69, 49, 43, 78, 61),
(84, 84, 69, 76, 69, 50, 75, 62),
(85, 85, 56, 88, 74, 51, 49, 95),
(86, 86, 83, 52, 81, 68, 55, 59),
(87, 87, 61, 65, 60, 72, 66, 88),
(88, 88, 85, 67, 45, 84, 89, 87),
(89, 89, 57, 63, 89, 42, 66, 69),
(90, 90, 84, 83, 91, 57, 92, 83),
(91, 91, 64, 80, 58, 62, 64, 51),
(92, 92, 56, 51, 51, 60, 53, 69),
(93, 93, 50, 78, 84, 66, 69, 61),
(94, 94, 64, 72, 50, 89, 73, 92),
(95, 95, 72, 69, 65, 46, 54, 65),
(96, 96, 68, 81, 89, 45, 95, 75),
(97, 97, 54, 87, 88, 50, 49, 62),
(98, 98, 81, 57, 59, 42, 59, 76),
(99, 99, 77, 58, 66, 80, 59, 53),
(100, 100, 82, 76, 47, 88, 47, 51),
(101, 101, 56, 89, 91, 58, 51, 84),
(102, 102, 71, 85, 46, 55, 64, 90),
(103, 103, 82, 73, 92, 48, 58, 64),
(104, 104, 64, 66, 70, 63, 64, 91),
(105, 105, 86, 79, 76, 50, 58, 92),
(106, 106, 58, 85, 74, 90, 66, 91),
(107, 107, 79, 55, 49, 84, 70, 82),
(108, 108, 52, 90, 53, 62, 81, 68),
(109, 109, 55, 63, 48, 56, 51, 77),
(110, 110, 83, 88, 55, 57, 85, 54),
(111, 111, 57, 89, 78, 47, 61, 72),
(112, 112, 54, 59, 73, 64, 90, 91),
(113, 113, 61, 64, 52, 49, 60, 60),
(114, 114, 68, 78, 57, 77, 79, 84),
(115, 115, 73, 79, 64, 79, 65, 88),
(116, 116, 66, 63, 45, 75, 50, 84),
(117, 117, 58, 50, 69, 75, 68, 60),
(118, 118, 82, 71, 76, 54, 72, 54),
(119, 119, 81, 62, 91, 76, 81, 93),
(120, 120, 91, 53, 77, 59, 46, 72),
(121, 121, 92, 52, 64, 71, 53, 51),
(122, 122, 84, 62, 59, 55, 94, 53),
(123, 123, 81, 83, 92, 86, 73, 90),
(124, 124, 53, 64, 74, 50, 58, 61),
(125, 125, 86, 90, 46, 69, 83, 59),
(126, 126, 53, 62, 81, 52, 75, 87),
(127, 127, 74, 65, 45, 70, 83, 91),
(128, 128, 80, 82, 69, 90, 45, 54),
(129, 129, 60, 63, 83, 49, 60, 67),
(130, 130, 83, 69, 62, 46, 46, 67),
(131, 131, 65, 50, 49, 71, 51, 61),
(132, 132, 54, 79, 73, 77, 93, 89),
(133, 133, 80, 73, 64, 70, 62, 84),
(134, 134, 90, 63, 67, 89, 60, 51),
(135, 135, 74, 85, 54, 58, 88, 66),
(136, 136, 78, 62, 51, 86, 73, 62),
(137, 137, 89, 89, 90, 88, 62, 62),
(138, 138, 80, 88, 60, 89, 79, 74),
(139, 139, 54, 74, 63, 50, 46, 53),
(140, 140, 73, 55, 78, 86, 84, 75),
(141, 141, 76, 56, 57, 58, 78, 90),
(142, 142, 90, 76, 91, 86, 46, 62),
(143, 143, 93, 58, 75, 56, 51, 74),
(144, 144, 60, 85, 55, 82, 77, 51),
(145, 145, 88, 90, 71, 58, 90, 75),
(146, 146, 82, 50, 57, 81, 80, 95),
(147, 147, 66, 73, 64, 43, 82, 80),
(148, 148, 65, 88, 95, 53, 95, 52),
(149, 149, 94, 76, 57, 75, 94, 74),
(150, 150, 85, 51, 53, 52, 52, 91),
(151, 151, 86, 84, 50, 68, 67, 92),
(152, 152, 85, 90, 55, 49, 80, 83),
(153, 153, 67, 71, 46, 54, 87, 95),
(154, 154, 50, 53, 81, 56, 54, 78),
(155, 155, 83, 79, 76, 57, 52, 82),
(156, 156, 90, 52, 68, 41, 52, 87),
(157, 157, 57, 63, 62, 71, 47, 70),
(158, 158, 74, 59, 76, 83, 49, 78),
(159, 159, 58, 85, 83, 47, 84, 58),
(160, 160, 54, 71, 74, 47, 63, 88),
(161, 161, 58, 63, 50, 49, 58, 93),
(162, 162, 71, 90, 66, 83, 80, 87);

-- --------------------------------------------------------

--
-- Table structure for table students
--

CREATE TABLE students (
    student_id INTEGER PRIMARY KEY AUTOINCREMENT,
    name TEXT,
    age INTEGER,
    gender TEXT,
    email TEXT,
    phone TEXT,
    enrollment_year INTEGER,
    batch_name TEXT,
    city TEXT,
    graduation_year INTEGER
);

--
-- Dumping data for table students
--

INSERT INTO students (student_id, name, age, gender, email, phone, enrollment_year, batch_name, city, graduation_year) VALUES
(1, 'Arun', 22, 'Male', 'arun@gmail.com', '9876543210', 2023, 'DS-TB41', 'Chennai', 2025),
(2, 'Meena', 21, 'Female', 'meena@gmail.com', '9123456780', 2023, 'DS-TB41', 'Madurai', 2025),
(3, 'Ayushman Bhandari', 25, 'Female', 'lchhabra@example.com', '8788943653', 2023, 'DS-TB41', 'Bellary', 2027),
(4, 'Pranit Srinivas', 23, 'Female', 'odikapai@example.net', '8718120905', 2022, 'DS-TB41', 'Bahraich', 2026),
(5, 'Veda Natt', 20, 'Male', 'warhiratta@example.org', '8738962222', 2022, 'DS-TB41', 'Farrukhabad', 2026),
(6, 'Fiyaz Konda', 19, 'Female', 'zachariajason@example.org', '1612855595', 2022, 'DS-TB41', 'Tinsukia', 2026),
(7, 'Dominic Trivedi', 23, 'Male', 'abeer08@example.com', '4069439073', 2022, 'DS-TB41', 'Coimbatore', 2026),
(8, 'Jackson Das', 22, 'Female', 'qarinshukla@example.net', '6357014901', 2022, 'DS-TB41', 'Imphal', 2026),
(9, 'Harrison Lad', 22, 'Male', 'msetty@example.net', '1222212141', 2023, 'DS-TB41', 'Haldia', 2027),
(10, 'Yahvi Khatri', 25, 'Female', 'udant38@example.org', '7674517042', 2023, 'DS-TB41', 'Ghaziabad', 2027),
(11, 'Chakradhar Nagarajan', 25, 'Female', 'janakichaudhry@example.org', '1934416147', 2022, 'DS-TB41', 'Malda', 2026),
(12, 'Indali Doctor', 23, 'Female', 'xnarayanan@example.net', '1592718083', 2022, 'DS-TB41', 'Mysore', 2026),
(13, 'Akshay Tandon', 23, 'Male', 'jyotibhalla@example.net', '5833230474', 2023, 'DS-TB41', 'Pune', 2027),
(14, 'Nandini Venkatesh', 19, 'Female', 'doctorwridesh@example.org', '4374355998', 2022, 'DS-TB41', 'Bhiwandi', 2026),
(15, 'Jyoti Anne', 23, 'Female', 'ethandeshpande@example.org', '3898338902', 2023, 'DS-TB41', 'Guntur', 2027),
(16, 'Qushi Goyal', 19, 'Male', 'andrew14@example.net', '0623824993', 2022, 'DS-TB41', 'Visakhapatnam', 2026),
(17, 'Ekavir Parikh', 24, 'Male', 'dlad@example.net', '2561807428', 2023, 'DS-TB41', 'Sonipat', 2027),
(18, 'Brinda Kalla', 23, 'Male', 'oliver15@example.org', '4459603487', 2023, 'DS-TB41', 'Gaya', 2027),
(19, 'Ekbal Mangal', 19, 'Male', 'uchauhan@example.org', '8807778031', 2023, 'DS-TB41', 'Amravati', 2027),
(20, 'Advik Mukherjee', 21, 'Female', 'yashodhara18@example.org', '3528394931', 2022, 'DS-TB41', 'Ramagundam', 2026),
(21, 'Benjamin Salvi', 18, 'Female', 'anamika34@example.org', '8791714779', 2023, 'DS-TB41', 'Gopalpur', 2027),
(22, 'Divya Gade', 24, 'Female', 'maya25@example.com', '3118197224', 2023, 'DS-TB41', 'Karaikudi', 2027),
(23, 'Chasmum Koshy', 21, 'Female', 'pantmahika@example.net', '3555023037', 2022, 'DS-TB41', 'Bulandshahr', 2026),
(24, 'Charvi Contractor', 25, 'Male', 'ishita35@example.net', '5148897255', 2023, 'DS-TB41', 'Burhanpur', 2027),
(25, 'Rachit Dua', 22, 'Female', 'tarafitan@example.net', '2110947184', 2022, 'DS-TB41', 'Ambarnath', 2026),
(26, 'Arjun Sibal', 24, 'Female', 'chandanidevi@example.net', '6443321623', 2023, 'DS-TB41', 'Mirzapur', 2027),
(27, 'Manya Varma', 22, 'Male', 'solankiwakeeta@example.org', '9167907583', 2023, 'DS-TB41', 'Hindupur', 2027),
(28, 'Garima Dugar', 25, 'Female', 'glal@example.net', '1452447133', 2023, 'DS-TB41', 'Tenali', 2027),
(29, 'Yoshita Gandhi', 25, 'Male', 'jairajcheema@example.com', '2845451580', 2022, 'DS-TB41', 'Nanded', 2026),
(30, 'Ishita Parmar', 21, 'Male', 'dayitadey@example.net', '6870944003', 2022, 'DS-TB41', 'Khandwa', 2026),
(31, 'Wridesh Dash', 21, 'Male', 'panchalgayathri@example.net', '2957871990', 2023, 'DS-TB41', 'Saharsa', 2027),
(32, 'Laban Nadkarni', 24, 'Female', 'ksaraf@example.com', '9053824693', 2023, 'DS-TB41', 'Jorhat', 2027),
(33, 'Vansha Ghosh', 18, 'Male', 'yachana39@example.com', '8391092040', 2022, 'DS-TB41', 'Bidar', 2026),
(34, 'Azad Singhal', 23, 'Female', 'tandonpeter@example.org', '3309782175', 2023, 'DS-TB41', 'Karawal Nagar', 2027),
(35, 'Wahab Sathe', 25, 'Male', 'ojasvi06@example.net', '2873958760', 2023, 'DS-TB41', 'Berhampore', 2027),
(36, 'Manthan Hayre', 21, 'Male', 'dnair@example.org', '7366945820', 2023, 'DS-TB41', 'Shimoga', 2027),
(37, 'Sudiksha Prasad', 22, 'Female', 'ggour@example.com', '0283468390', 2022, 'DS-TB41', 'Maheshtala', 2026),
(38, 'Frado Anne', 21, 'Female', 'isarma@example.net', '7620946567', 2023, 'DS-TB41', 'Nizamabad', 2027),
(39, 'Chakrika Dhar', 25, 'Female', 'ibasak@example.net', '2859753573', 2022, 'DS-TB41', 'Bhiwani', 2026),
(40, 'Waida Ganesh', 21, 'Male', 'dev09@example.org', '6959608076', 2022, 'DS-TB41', 'Delhi', 2026),
(41, 'Bina More', 19, 'Male', 'yamini99@example.com', '8331234532', 2023, 'DS-TB41', 'Belgaum', 2027),
(42, 'Anmol Yadav', 21, 'Female', 'sravi@example.com', '4619152545', 2023, 'DS-TB41', 'Farrukhabad', 2027),
(43, 'Gabriel Korpal', 24, 'Female', 'onazareth@example.net', '3268752214', 2022, 'DS-TB41', 'Raurkela Industrial Township', 2026),
(44, 'Triya Soni', 23, 'Female', 'vivaan46@example.com', '2231212231', 2022, 'DS-TB41', 'Khora ', 2026),
(45, 'Pooja Seth', 25, 'Female', 'maya99@example.com', '8000881695', 2023, 'DS-TB41', 'Kamarhati', 2027),
(46, 'Jalsa Sheth', 20, 'Female', 'kavya72@example.net', '0411928336', 2023, 'DS-TB41', 'Giridih', 2027),
(47, 'Indrajit Bath', 22, 'Male', 'lekha58@example.org', '5558730056', 2022, 'DS-TB41', 'Srinagar', 2026),
(48, 'Ladli Savant', 24, 'Male', 'ganeshoeshi@example.com', '4646589522', 2022, 'DS-TB41', 'Ambarnath', 2026),
(49, 'Gaurika Nath', 23, 'Female', 'csachar@example.com', '9987097560', 2023, 'DS-TB41', 'Berhampore', 2027),
(50, 'Frederick Zacharia', 23, 'Female', 'damyantisaha@example.net', '6411259048', 2023, 'DS-TB41', 'Hapur', 2027),
(51, 'Edhitha Dey', 23, 'Male', 'simonsachar@example.org', '9641020137', 2023, 'DS-TB41', 'Bathinda', 2027),
(52, 'Rudra Konda', 21, 'Male', 'ekapadganesan@example.org', '2539540168', 2023, 'DS-TB41', 'Vasai-Virar', 2027),
(53, 'Kiaan Khalsa', 23, 'Male', 'trivedisanaya@example.com', '7431639206', 2022, 'DS-TB41', 'Katni', 2026),
(54, 'Bakhshi Kashyap', 20, 'Female', 'ybumb@example.com', '3629293880', 2023, 'DS-TB41', 'Vadodara', 2027),
(55, 'Mason Memon', 20, 'Male', 'xshukla@example.org', '0489275647', 2023, 'DS-TB41', 'Anantapur', 2027),
(56, 'Warjas Rau', 18, 'Male', 'barmanyochana@example.com', '5717864018', 2022, 'DS-TB41', 'Maheshtala', 2026),
(57, 'Daksh Palla', 19, 'Male', 'lipikagaba@example.org', '6256388071', 2022, 'DS-TB41', 'Tiruvottiyur', 2026),
(58, 'Chaman Saini', 20, 'Female', 'wtrivedi@example.net', '9310797117', 2023, 'DS-TB41', 'Korba', 2027),
(59, 'Nisha Kapur', 18, 'Female', 'ljha@example.net', '5608182760', 2022, 'DS-TB41', 'Ramgarh', 2026),
(60, 'Devansh Bora', 18, 'Male', 'sdatta@example.com', '0676957786', 2022, 'DS-TB41', 'Erode', 2026),
(61, 'Warinder Jha', 21, 'Female', 'niharika82@example.com', '8976961067', 2023, 'DS-TB41', 'Salem', 2027),
(62, 'Akshay Aggarwal', 20, 'Male', 'ubalakrishnan@example.com', '6997788681', 2022, 'DS-TB41', 'Sambalpur', 2026),
(63, 'Sai Varma', 23, 'Male', 'sachi36@example.org', '0287396275', 2023, 'DS-TB41', 'Guna', 2027),
(64, 'Jairaj Kala', 22, 'Female', 'unnatihalder@example.com', '2231405680', 2022, 'DS-TB41', 'Vijayawada', 2026),
(65, 'Aarav Palla', 25, 'Female', 'fiyer@example.net', '9280536871', 2022, 'DS-TB41', 'Gorakhpur', 2026),
(66, 'Jai Sathe', 25, 'Female', 'khuranaodika@example.net', '1461465618', 2023, 'DS-TB41', 'Tenali', 2027),
(67, 'Bhavani Deshpande', 24, 'Female', 'bben@example.net', '9150331799', 2022, 'DS-TB41', 'Parbhani', 2026),
(68, 'Pushti Dhawan', 21, 'Female', 'andrew46@example.com', '9088586052', 2023, 'DS-TB41', 'Jalgaon', 2027),
(69, 'Vidhi Samra', 25, 'Male', 'ozachariah@example.org', '8631974073', 2023, 'DS-TB41', 'Chittoor', 2027),
(70, 'Jonathan Apte', 25, 'Male', 'nagarajannoah@example.com', '4756314331', 2022, 'DS-TB41', 'Berhampur', 2026),
(71, 'Panini De', 20, 'Male', 'rayaan19@example.net', '9363506095', 2022, 'DS-TB41', 'Bihar Sharif', 2026),
(72, 'Abhimanyu Vaidya', 22, 'Female', 'akshayvarghese@example.net', '5707684875', 2023, 'DS-TB41', 'Siwan', 2027),
(73, 'Jason Kota', 24, 'Male', 'bishakhagole@example.com', '8347692763', 2022, 'DS-TB41', 'Tiruchirappalli', 2026),
(74, 'Omya Barad', 23, 'Female', 'daratejas@example.net', '2172311879', 2022, 'DS-TB41', 'Anantapuram', 2026),
(75, 'Matthew Kara', 24, 'Male', 'balaurvi@example.com', '0917898983', 2022, 'DS-TB41', 'Hosur', 2026),
(76, 'Joshua Pandya', 25, 'Male', 'ashah@example.org', '6493220019', 2023, 'DS-TB41', 'Pondicherry', 2027),
(77, 'Watika Joshi', 23, 'Female', 'rudrasule@example.com', '4625038303', 2022, 'DS-TB41', 'Gulbarga', 2026),
(78, 'Sudiksha Kara', 18, 'Female', 'wmutti@example.com', '9588267795', 2023, 'DS-TB41', 'Bareilly', 2027),
(79, 'Ucchal Dutt', 25, 'Female', 'eshanajani@example.com', '6350570733', 2023, 'DS-TB41', 'Kottayam', 2027),
(80, 'Nilima Tella', 21, 'Male', 'sahotaaarush@example.net', '9692374571', 2023, 'DS-TB41', 'Srinagar', 2027),
(81, 'Sudiksha Rai', 21, 'Male', 'sahotasaanvi@example.com', '1288281173', 2022, 'DS-TB41', 'Hajipur', 2026),
(82, 'Anmol Murty', 19, 'Male', 'kiaankapur@example.net', '3931438765', 2022, 'DS-TB41', 'Jamalpur', 2026),
(83, 'Yashoda Nagy', 25, 'Male', 'rachitasarkar@example.com', '1868819200', 2023, 'DS-TB41', 'Rourkela', 2027),
(84, 'Aishani Dora', 19, 'Female', 'yash33@example.com', '4899033019', 2022, 'DS-TB41', 'Ahmednagar', 2026),
(85, 'Rachana Dubey', 25, 'Male', 'keyasanghvi@example.com', '2329684730', 2022, 'DS-TB41', 'Ujjain', 2026),
(86, 'Zaid Narayan', 18, 'Female', 'priya63@example.com', '8770187293', 2023, 'DS-TB41', 'Vijayanagaram', 2027),
(87, 'Deepa Sane', 21, 'Male', 'dayita48@example.org', '4311037670', 2023, 'DS-TB41', 'Nandyal', 2027),
(88, 'Ekanta Vora', 22, 'Male', 'vanyanarula@example.org', '4622529261', 2023, 'DS-TB41', 'Sambalpur', 2027),
(89, 'Sanya Luthra', 24, 'Male', 'omupasna@example.net', '2679032850', 2022, 'DS-TB41', 'Ratlam', 2026),
(90, 'Gautami Goel', 25, 'Male', 'vedant26@example.com', '1846804078', 2023, 'DS-TB41', 'Deoghar', 2027),
(91, 'Watika Jhaveri', 20, 'Female', 'nayakgirish@example.org', '6157449566', 2022, 'DS-TB41', 'Arrah', 2026),
(92, 'Watika Sem', 19, 'Female', 'crama@example.net', '3914055215', 2022, 'DS-TB41', 'Purnia', 2026),
(93, 'Chatura Wason', 25, 'Female', 'urvashidara@example.com', '7752450600', 2022, 'DS-TB41', 'Bardhaman', 2026),
(94, 'Lopa Gaba', 20, 'Male', 'jack28@example.org', '3821276814', 2023, 'DS-TB41', 'Tirunelveli', 2027),
(95, 'Zarna Jani', 23, 'Female', 'wazirsethi@example.com', '2416200472', 2022, 'DS-TB41', 'Guwahati', 2026),
(96, 'Saumya Thaker', 24, 'Female', 'yohannankaran@example.org', '3043001949', 2022, 'DS-TB41', 'Kishanganj', 2026),
(97, 'Ati Goda', 19, 'Female', 'hparikh@example.net', '2837025106', 2023, 'DS-TB41', 'Tenali', 2027),
(98, 'Avi Cherian', 19, 'Female', 'ranbir00@example.com', '2743196183', 2023, 'DS-TB41', 'Shahjahanpur', 2027),
(99, 'Agastya Wali', 19, 'Male', 'pallavitata@example.org', '8201782032', 2022, 'DS-TB41', 'Kharagpur', 2026),
(100, 'Yuvraj Naidu', 21, 'Male', 'yachanarandhawa@example.com', '6337293588', 2022, 'DS-TB41', 'Dibrugarh', 2026),
(101, 'Anirudh Gour', 20, 'Female', 'dasguptaakshay@example.net', '0599258800', 2022, 'DS-TB41', 'Junagadh', 2026),
(102, 'Hritik Randhawa', 20, 'Male', 'regeavni@example.org', '9107353562', 2023, 'DS-TB41', 'Mehsana', 2027),
(103, 'Liam Lala', 21, 'Male', 'lavanya61@example.org', '7236984539', 2022, 'DS-TB41', 'Moradabad', 2026),
(104, 'Ojasvi Aurora', 19, 'Female', 'omminhas@example.com', '9976763145', 2023, 'DS-TB41', 'Berhampore', 2027),
(105, 'Oscar Bhagat', 21, 'Female', 'anirudhdeshpande@example.net', '7598996146', 2022, 'DS-TB41', 'Vasai-Virar', 2026),
(106, 'Faqid Gupta', 25, 'Male', 'basutanmayi@example.net', '0312203271', 2022, 'DS-TB41', 'Deoghar', 2026),
(107, 'Ekavir Dey', 25, 'Female', 'ikota@example.net', '4916694528', 2023, 'DS-TB41', 'Mango', 2027),
(108, 'Sudiksha Mangat', 24, 'Female', 'riamukhopadhyay@example.com', '7965674969', 2023, 'DS-TB41', 'Chittoor', 2027),
(109, 'Yachana Shenoy', 23, 'Female', 'bedivasana@example.net', '7926567860', 2023, 'DS-TB41', 'Thrissur', 2027),
(110, 'Nisha Dubey', 19, 'Male', 'bvenkatesh@example.org', '0474641624', 2023, 'DS-TB41', 'Mysore', 2027),
(111, 'Chandani Sachar', 20, 'Male', 'sachdevadarpan@example.org', '3297538024', 2023, 'DS-TB41', 'Ulhasnagar', 2027),
(112, 'Charita Anne', 23, 'Male', 'patilbachittar@example.org', '8064760171', 2023, 'DS-TB41', 'Amroha', 2027),
(113, 'Balhaar Aurora', 22, 'Male', 'ibali@example.org', '4242189131', 2022, 'DS-TB41', 'Giridih', 2026),
(114, 'Ira Krish', 24, 'Male', 'girindragoswami@example.org', '6555982739', 2023, 'DS-TB41', 'Etawah', 2027),
(115, 'Ucchal Sarraf', 21, 'Female', 'wsibal@example.com', '2791813885', 2022, 'DS-TB41', 'Serampore', 2026),
(116, 'Shivansh Mittal', 23, 'Male', 'siddharthbobal@example.net', '7525925238', 2022, 'DS-TB41', 'Sambalpur', 2026),
(117, 'Dakshesh Bora', 25, 'Male', 'raagini62@example.org', '0648698432', 2023, 'DS-TB41', 'Burhanpur', 2027),
(118, 'Amruta Mahal', 23, 'Male', 'pathakowen@example.org', '8711370532', 2023, 'DS-TB41', 'Madurai', 2027),
(119, 'Panini Mutti', 23, 'Male', 'neha26@example.com', '8392207879', 2023, 'DS-TB41', 'Amravati', 2027),
(120, 'Jason Bhardwaj', 19, 'Male', 'yoshitagill@example.org', '8445500942', 2022, 'DS-TB41', 'Gulbarga', 2026),
(121, 'Bhanumati Salvi', 24, 'Female', 'sanya99@example.net', '2912859027', 2022, 'DS-TB41', 'Farrukhabad', 2026),
(122, 'Viraj Shankar', 25, 'Male', 'catwal@example.org', '9546352794', 2023, 'DS-TB41', 'Ahmednagar', 2027),
(123, 'Yashodhara Kata', 19, 'Male', 'vrinda06@example.org', '5164090859', 2022, 'DS-TB41', 'Malda', 2026),
(124, 'Inaya Bora', 19, 'Male', 'nitarasura@example.com', '4831048408', 2023, 'DS-TB41', 'Bhilwara', 2027),
(125, 'Viraj Bora', 22, 'Female', 'cpandya@example.com', '0056631435', 2023, 'DS-TB41', 'Madanapalle', 2027),
(126, 'Arya Sur', 25, 'Female', 'brijeshkeer@example.com', '8071312563', 2023, 'DS-TB41', 'Tadepalligudem', 2027),
(127, 'Tripti Rege', 24, 'Male', 'singhaltimothy@example.org', '1385479753', 2022, 'DS-TB41', 'Salem', 2026),
(128, 'Sudiksha Butala', 20, 'Male', 'samuel73@example.org', '1032898642', 2022, 'DS-TB41', 'Khora ', 2026),
(129, 'Alka Patla', 23, 'Female', 'adweta05@example.org', '7972997527', 2022, 'DS-TB41', 'Farrukhabad', 2026),
(130, 'Arya Kashyap', 22, 'Female', 'parth02@example.com', '6865374083', 2023, 'DS-TB41', 'Kakinada', 2027),
(131, 'Hitesh Wali', 20, 'Female', 'ssani@example.net', '8573178132', 2023, 'DS-TB41', 'Udaipur', 2027),
(132, 'Shaurya Ahluwalia', 18, 'Male', 'unnatipant@example.net', '2202914761', 2023, 'DS-TB41', 'Buxar', 2027),
(133, 'Hemangini Aggarwal', 22, 'Female', 'gaurangi73@example.com', '6501214617', 2023, 'DS-TB41', 'Belgaum', 2027),
(134, 'Kabir Kara', 23, 'Male', 'csarkar@example.net', '8336689079', 2022, 'DS-TB41', 'Ludhiana', 2026),
(135, 'Gavin Sabharwal', 18, 'Female', 'xbatta@example.com', '1913023560', 2022, 'DS-TB41', 'Srinagar', 2026),
(136, 'Osha Shroff', 25, 'Female', 'borrazilmil@example.org', '7930718687', 2023, 'DS-TB41', 'Adoni', 2027),
(137, 'Kala Seth', 22, 'Male', 'keerisaac@example.net', '1556857686', 2022, 'DS-TB41', 'Kavali', 2026),
(138, 'Manbir Bhatnagar', 18, 'Female', 'nitarachaudhry@example.org', '6664259021', 2023, 'DS-TB41', 'Akola', 2027),
(139, 'Jonathan Barad', 25, 'Female', 'dewanudant@example.org', '3107639159', 2023, 'DS-TB41', 'Hyderabad', 2027),
(140, 'Parth Sama', 18, 'Female', 'sai65@example.org', '8821574352', 2023, 'DS-TB41', 'North Dumdum', 2027),
(141, 'Ishita Shanker', 20, 'Female', 'robertkarpe@example.org', '6071501374', 2022, 'DS-TB41', 'Kharagpur', 2026),
(142, 'Yashoda Balay', 22, 'Female', 'eshana77@example.org', '7145389489', 2022, 'DS-TB41', 'Secunderabad', 2026),
(143, 'Nikita Sarin', 22, 'Female', 'gzacharia@example.org', '9500927433', 2023, 'DS-TB41', 'Solapur', 2027),
(144, 'Upasna Vala', 24, 'Male', 'dpandey@example.net', '7706964742', 2022, 'DS-TB41', 'Madurai', 2026),
(145, 'Anita Sarma', 25, 'Male', 'urvikari@example.com', '2478276854', 2023, 'DS-TB41', 'Davanagere', 2027),
(146, 'Arunima Bassi', 23, 'Female', 'brahmbhattdaksh@example.org', '0615648931', 2023, 'DS-TB41', 'Mahbubnagar', 2027),
(147, 'Janani Thakur', 21, 'Male', 'lokeeta@example.org', '1057668914', 2022, 'DS-TB41', 'Amravati', 2026),
(148, 'Samar Saini', 20, 'Female', 'rakshashere@example.com', '3807241363', 2022, 'DS-TB41', 'Giridih', 2026),
(149, 'Qabil Hans', 19, 'Male', 'yshah@example.org', '5005732757', 2023, 'DS-TB41', 'Dehradun', 2027),
(150, 'Sai Jhaveri', 20, 'Male', 'yashodhara19@example.org', '8212526516', 2023, 'DS-TB41', 'Sambhal', 2027),
(151, 'Amol Sen', 25, 'Male', 'brahmbhattquincy@example.com', '0332959904', 2023, 'DS-TB41', 'Nangloi Jat', 2027),
(152, 'Indrajit Butala', 20, 'Male', 'uvora@example.org', '7377423622', 2022, 'DS-TB41', 'Hosur', 2026),
(153, 'Anya Gara', 25, 'Female', 'sathvikkohli@example.com', '7746779822', 2022, 'DS-TB41', 'Jehanabad', 2026),
(154, 'Upasna Raghavan', 23, 'Female', 'xavier12@example.com', '3471083793', 2023, 'DS-TB41', 'Kozhikode', 2027),
(155, 'Leela Divan', 24, 'Female', 'ansh66@example.net', '2039551473', 2022, 'DS-TB41', 'Vellore', 2026),
(156, 'Nisha Pai', 24, 'Female', 'fitandhar@example.org', '1164825303', 2022, 'DS-TB41', 'Shimla', 2026),
(157, 'Edhitha Som', 24, 'Male', 'banerjeecharvi@example.com', '9178670447', 2022, 'DS-TB41', 'Tenali', 2026),
(158, 'Rudra Dayal', 21, 'Female', 'maniijaya@example.org', '5393685590', 2022, 'DS-TB41', 'Pune', 2026),
(159, 'Jhalak Sahota', 22, 'Female', 'georgeroy@example.net', '6259850186', 2022, 'DS-TB41', 'Sangli-Miraj & Kupwad', 2026),
(160, 'Tarak Kapadia', 21, 'Male', 'qsawhney@example.com', '4844053719', 2022, 'DS-TB41', 'Bharatpur', 2026),
(161, 'Garima Ramanathan', 22, 'Male', 'bmagar@example.com', '8731053719', 2023, 'DS-TB41', 'Kottayam', 2027),
(162, 'Zehaan Kibe', 25, 'Male', 'iwason@example.com', '9606317943', 2023, 'DS-TB41', 'Uluberia', 2027);

-- --------------------------------------------------------

--
-- Table structure for table student_performance
--

CREATE TABLE student_performance (
    performance_id INTEGER PRIMARY KEY AUTOINCREMENT,
    student_id INTEGER,
    codekata_score INTEGER,
    career_track_score INTEGER,
    mini_projects INTEGER,
    internships INTEGER,
    FOREIGN KEY (student_id) REFERENCES students(student_id)
);

--
-- Dumping data for table student_performance
--

INSERT INTO student_performance (performance_id, student_id, codekata_score, career_track_score, mini_projects, internships) VALUES
(1, 1, 50, 62, 3, 2),
(2, 2, 40, 67, 3, 3),
(3, 3, 44, 42, 1, 2),
(4, 4, 66, 63, 1, 3),
(5, 5, 59, 96, 2, 1),
(6, 6, 65, 66, 0, 1),
(7, 7, 56, 41, 4, 1),
(8, 8, 96, 98, 3, 1),
(9, 9, 40, 38, 2, 1),
(10, 10, 44, 74, 4, 0),
(11, 11, 80, 80, 1, 3),
(12, 12, 62, 82, 1, 0),
(13, 13, 82, 84, 0, 2),
(14, 14, 95, 46, 1, 3),
(15, 15, 83, 41, 5, 3),
(16, 16, 64, 78, 0, 2),
(17, 17, 92, 56, 0, 2),
(18, 18, 71, 89, 3, 2),
(19, 19, 92, 75, 1, 0),
(20, 20, 40, 69, 3, 2),
(21, 21, 63, 37, 0, 0),
(22, 22, 54, 90, 0, 0),
(23, 23, 75, 85, 3, 1),
(24, 24, 92, 90, 1, 3),
(25, 25, 71, 66, 1, 2),
(26, 26, 98, 71, 4, 1),
(27, 27, 40, 74, 5, 3),
(28, 28, 76, 56, 5, 3),
(29, 29, 56, 58, 1, 2),
(30, 30, 90, 87, 3, 3),
(31, 31, 81, 61, 2, 3),
(32, 32, 48, 80, 2, 2),
(33, 33, 54, 65, 4, 1),
(34, 34, 51, 100, 0, 1),
(35, 35, 80, 38, 4, 2),
(36, 36, 92, 41, 1, 2),
(37, 37, 47, 62, 3, 2),
(38, 38, 44, 44, 2, 0),
(39, 39, 94, 85, 2, 3),
(40, 40, 99, 41, 0, 3),
(41, 41, 88, 87, 5, 3),
(42, 42, 76, 52, 0, 3),
(43, 43, 48, 38, 1, 3),
(44, 44, 88, 35, 4, 0),
(45, 45, 41, 36, 3, 1),
(46, 46, 41, 60, 0, 2),
(47, 47, 67, 100, 4, 3),
(48, 48, 71, 96, 1, 0),
(49, 49, 56, 83, 0, 1),
(50, 50, 88, 69, 1, 2),
(51, 51, 85, 92, 5, 3),
(52, 52, 57, 88, 4, 2),
(53, 53, 59, 38, 5, 2),
(54, 54, 77, 56, 4, 1),
(55, 55, 47, 94, 4, 1),
(56, 56, 85, 90, 0, 3),
(57, 57, 92, 99, 0, 3),
(58, 58, 83, 65, 3, 2),
(59, 59, 93, 52, 1, 0),
(60, 60, 94, 72, 4, 2),
(61, 61, 92, 65, 0, 3),
(62, 62, 71, 79, 4, 3),
(63, 63, 89, 96, 4, 3),
(64, 64, 78, 67, 4, 1),
(65, 65, 93, 77, 3, 0),
(66, 66, 64, 57, 3, 2),
(67, 67, 47, 55, 0, 2),
(68, 68, 92, 80, 4, 1),
(69, 69, 86, 47, 5, 1),
(70, 70, 88, 52, 2, 3),
(71, 71, 70, 72, 4, 2),
(72, 72, 73, 77, 2, 3),
(73, 73, 77, 78, 2, 0),
(74, 74, 64, 60, 0, 0),
(75, 75, 77, 42, 2, 0),
(76, 76, 54, 89, 1, 1),
(77, 77, 70, 69, 4, 1),
(78, 78, 41, 45, 5, 3),
(79, 79, 89, 82, 5, 2),
(80, 80, 94, 95, 0, 2),
(81, 81, 72, 84, 1, 2),
(82, 82, 95, 78, 0, 0),
(83, 83, 91, 84, 5, 3),
(84, 84, 93, 69, 2, 1),
(85, 85, 64, 70, 5, 2),
(86, 86, 45, 76, 0, 2),
(87, 87, 53, 77, 0, 2),
(88, 88, 95, 79, 0, 2),
(89, 89, 65, 51, 3, 1),
(90, 90, 44, 86, 5, 1),
(91, 91, 70, 47, 3, 2),
(92, 92, 90, 75, 3, 0),
(93, 93, 68, 55, 3, 3),
(94, 94, 64, 62, 0, 3),
(95, 95, 48, 48, 3, 1),
(96, 96, 79, 58, 4, 1),
(97, 97, 54, 47, 1, 2),
(98, 98, 72, 78, 3, 0),
(99, 99, 61, 57, 5, 2),
(100, 100, 81, 96, 5, 3),
(101, 101, 68, 86, 5, 1),
(102, 102, 51, 56, 3, 3),
(103, 103, 89, 54, 4, 2),
(104, 104, 56, 96, 3, 0),
(105, 105, 55, 38, 3, 0),
(106, 106, 58, 81, 5, 3),
(107, 107, 80, 40, 5, 1),
(108, 108, 51, 55, 3, 2),
(109, 109, 79, 55, 2, 3),
(110, 110, 46, 81, 5, 2),
(111, 111, 92, 96, 0, 3),
(112, 112, 96, 93, 2, 2),
(113, 113, 96, 80, 1, 0),
(114, 114, 57, 54, 5, 1),
(115, 115, 79, 53, 0, 3),
(116, 116, 46, 72, 5, 0),
(117, 117, 67, 47, 5, 3),
(118, 118, 49, 77, 2, 2),
(119, 119, 42, 62, 4, 2),
(120, 120, 71, 49, 0, 1),
(121, 121, 45, 64, 3, 0),
(122, 122, 91, 40, 3, 1),
(123, 123, 94, 45, 4, 1),
(124, 124, 98, 93, 3, 2),
(125, 125, 69, 69, 3, 3),
(126, 126, 43, 63, 1, 1),
(127, 127, 97, 64, 5, 3),
(128, 128, 60, 64, 3, 3),
(129, 129, 79, 64, 4, 1),
(130, 130, 56, 76, 5, 1),
(131, 131, 99, 97, 2, 1),
(132, 132, 50, 38, 0, 1),
(133, 133, 40, 80, 5, 0),
(134, 134, 66, 64, 5, 0),
(135, 135, 88, 83, 1, 0),
(136, 136, 81, 79, 1, 0),
(137, 137, 49, 85, 5, 1),
(138, 138, 97, 47, 1, 3),
(139, 139, 62, 81, 2, 0),
(140, 140, 76, 47, 1, 0),
(141, 141, 47, 76, 0, 1),
(142, 142, 99, 72, 0, 0),
(143, 143, 61, 50, 0, 2),
(144, 144, 67, 77, 0, 3),
(145, 145, 51, 62, 3, 0),
(146, 146, 90, 77, 5, 3),
(147, 147, 62, 72, 5, 1),
(148, 148, 68, 53, 2, 1),
(149, 149, 98, 36, 4, 2),
(150, 150, 87, 75, 4, 3),
(151, 151, 67, 91, 0, 1),
(152, 152, 57, 77, 2, 3),
(153, 153, 42, 51, 5, 3),
(154, 154, 49, 86, 3, 2),
(155, 155, 48, 49, 0, 2),
(156, 156, 48, 56, 3, 3),
(157, 157, 94, 83, 1, 1),
(158, 158, 79, 89, 4, 1),
(159, 159, 90, 98, 5, 1),
(160, 160, 87, 54, 0, 0),
(161, 161, 63, 71, 5, 3),
(162, 162, 98, 41, 3, 0);

-- --------------------------------------------------------

--
-- Table structure for table student_program
--

CREATE TABLE student_program (
    program_id INTEGER PRIMARY KEY AUTOINCREMENT,
    student_id INTEGER,
    programming_language TEXT,
    coding_problems_solved INTEGER,
    assessments INTEGER,
    mini_projects INTEGER,
    certifications_earned INTEGER,
    latest_project_score INTEGER,
    FOREIGN KEY (student_id) REFERENCES students(student_id)
);

--
-- Dumping data for table student_program
--

INSERT INTO student_program (program_id, student_id, programming_language, coding_problems_solved, assessments, mini_projects, certifications_earned, latest_project_score) VALUES
(1, 1, 'Python', 410, 12, 6, 1, 78),
(2, 2, 'Python', 222, 7, 6, 0, 54),
(3, 3, 'JavaScript', 337, 14, 1, 4, 86),
(4, 4, 'Python', 328, 10, 2, 1, 59),
(5, 5, 'SQL', 258, 15, 6, 5, 61),
(6, 6, 'Java', 453, 15, 5, 4, 42),
(7, 7, 'Java', 393, 8, 5, 1, 88),
(8, 8, 'SQL', 445, 7, 9, 0, 80),
(9, 9, 'SQL', 50, 10, 3, 3, 85),
(10, 10, 'Java', 437, 6, 8, 2, 48),
(11, 11, 'JavaScript', 458, 6, 7, 3, 72),
(12, 12, 'SQL', 478, 10, 6, 5, 57),
(13, 13, 'Java', 90, 15, 7, 0, 49),
(14, 14, 'JavaScript', 280, 13, 5, 4, 75),
(15, 15, 'Java', 214, 13, 3, 3, 86),
(16, 16, 'JavaScript', 338, 20, 4, 2, 56),
(17, 17, 'Python', 469, 8, 2, 1, 81),
(18, 18, 'Python', 290, 9, 1, 2, 76),
(19, 19, 'Java', 449, 14, 8, 1, 79),
(20, 20, 'Java', 259, 20, 4, 5, 70),
(21, 21, 'Java', 491, 18, 2, 1, 64),
(22, 22, 'JavaScript', 252, 13, 5, 2, 76),
(23, 23, 'SQL', 239, 13, 6, 2, 71),
(24, 24, 'Python', 72, 5, 9, 5, 92),
(25, 25, 'Java', 98, 17, 6, 3, 59),
(26, 26, 'Python', 282, 14, 10, 2, 47),
(27, 27, 'Python', 261, 7, 3, 5, 47),
(28, 28, 'SQL', 438, 20, 8, 2, 43),
(29, 29, 'JavaScript', 250, 7, 2, 1, 65),
(30, 30, 'Java', 412, 5, 5, 2, 87),
(31, 31, 'Python', 54, 19, 1, 0, 59),
(32, 32, 'Python', 54, 11, 4, 3, 57),
(33, 33, 'JavaScript', 449, 12, 9, 1, 94),
(34, 34, 'SQL', 94, 8, 8, 2, 64),
(35, 35, 'SQL', 70, 5, 4, 4, 81),
(36, 36, 'Java', 147, 19, 8, 5, 96),
(37, 37, 'Java', 365, 10, 2, 4, 67),
(38, 38, 'JavaScript', 215, 10, 8, 3, 77),
(39, 39, 'Python', 158, 15, 9, 1, 97),
(40, 40, 'JavaScript', 224, 11, 8, 3, 96),
(41, 41, 'SQL', 233, 14, 2, 2, 84),
(42, 42, 'Java', 214, 6, 7, 3, 92),
(43, 43, 'Python', 388, 13, 4, 5, 71),
(44, 44, 'Python', 311, 20, 10, 2, 71),
(45, 45, 'SQL', 168, 9, 3, 1, 97),
(46, 46, 'JavaScript', 138, 8, 6, 2, 52),
(47, 47, 'SQL', 259, 20, 10, 2, 59),
(48, 48, 'Java', 300, 10, 9, 5, 95),
(49, 49, 'JavaScript', 87, 19, 9, 4, 61),
(50, 50, 'Java', 411, 6, 8, 0, 68),
(51, 51, 'Python', 167, 8, 3, 2, 86),
(52, 52, 'Java', 179, 16, 5, 3, 91),
(53, 53, 'JavaScript', 359, 7, 7, 2, 64),
(54, 54, 'Python', 361, 5, 6, 4, 95),
(55, 55, 'Java', 122, 16, 7, 3, 83),
(56, 56, 'JavaScript', 369, 18, 2, 4, 95),
(57, 57, 'JavaScript', 387, 6, 8, 1, 41),
(58, 58, 'Java', 299, 17, 1, 2, 87),
(59, 59, 'Python', 149, 11, 4, 3, 70),
(60, 60, 'Java', 78, 10, 10, 2, 79),
(61, 61, 'SQL', 447, 20, 6, 3, 41),
(62, 62, 'JavaScript', 88, 8, 9, 1, 53),
(63, 63, 'JavaScript', 164, 16, 2, 4, 92),
(64, 64, 'Java', 72, 19, 2, 0, 92),
(65, 65, 'Python', 377, 16, 3, 5, 79),
(66, 66, 'SQL', 133, 18, 10, 3, 55),
(67, 67, 'JavaScript', 322, 14, 9, 2, 53),
(68, 68, 'Python', 187, 14, 10, 2, 85),
(69, 69, 'Java', 88, 12, 1, 1, 89),
(70, 70, 'Java', 232, 10, 1, 4, 84),
(71, 71, 'Java', 129, 8, 10, 3, 79),
(72, 72, 'JavaScript', 188, 6, 8, 3, 56),
(73, 73, 'Java', 448, 20, 3, 0, 79),
(74, 74, 'JavaScript', 267, 16, 1, 2, 43),
(75, 75, 'JavaScript', 440, 14, 3, 5, 49),
(76, 76, 'Python', 284, 5, 9, 0, 67),
(77, 77, 'Java', 53, 16, 5, 4, 97),
(78, 78, 'SQL', 119, 9, 4, 3, 89),
(79, 79, 'Python', 335, 7, 10, 2, 81),
(80, 80, 'SQL', 365, 9, 5, 5, 84),
(81, 81, 'Java', 320, 7, 8, 4, 88),
(82, 82, 'JavaScript', 125, 6, 6, 5, 63),
(83, 83, 'SQL', 204, 15, 2, 3, 49),
(84, 84, 'Python', 380, 16, 3, 2, 48),
(85, 85, 'SQL', 327, 15, 7, 0, 58),
(86, 86, 'SQL', 322, 16, 1, 5, 81),
(87, 87, 'JavaScript', 410, 10, 10, 4, 61),
(88, 88, 'Python', 410, 19, 9, 0, 63),
(89, 89, 'Python', 266, 7, 5, 3, 72),
(90, 90, 'Python', 414, 16, 10, 5, 64),
(91, 91, 'SQL', 398, 14, 3, 1, 73),
(92, 92, 'SQL', 453, 15, 10, 3, 81),
(93, 93, 'SQL', 144, 15, 7, 5, 52),
(94, 94, 'SQL', 312, 7, 7, 0, 100),
(95, 95, 'SQL', 111, 14, 1, 1, 98),
(96, 96, 'Python', 240, 19, 9, 5, 65),
(97, 97, 'Java', 350, 11, 4, 1, 77),
(98, 98, 'Java', 494, 12, 1, 4, 58),
(99, 99, 'Java', 310, 13, 2, 3, 99),
(100, 100, 'Python', 204, 11, 6, 3, 55),
(101, 101, 'SQL', 435, 16, 10, 5, 81),
(102, 102, 'Python', 433, 11, 9, 3, 91),
(103, 103, 'Java', 134, 20, 6, 2, 42),
(104, 104, 'Python', 82, 5, 9, 2, 68),
(105, 105, 'JavaScript', 198, 16, 1, 4, 77),
(106, 106, 'JavaScript', 377, 16, 3, 0, 52),
(107, 107, 'SQL', 351, 18, 9, 3, 54),
(108, 108, 'Java', 340, 16, 3, 3, 75),
(109, 109, 'SQL', 121, 18, 8, 4, 89),
(110, 110, 'JavaScript', 222, 10, 7, 5, 96),
(111, 111, 'JavaScript', 492, 12, 3, 5, 53),
(112, 112, 'Java', 215, 15, 10, 4, 74),
(113, 113, 'Java', 103, 15, 3, 1, 75),
(114, 114, 'Python', 121, 6, 1, 3, 81),
(115, 115, 'SQL', 71, 5, 10, 4, 53),
(116, 116, 'JavaScript', 411, 10, 6, 3, 46),
(117, 117, 'SQL', 431, 16, 6, 4, 98),
(118, 118, 'JavaScript', 118, 20, 1, 2, 51),
(119, 119, 'SQL', 339, 8, 8, 2, 46),
(120, 120, 'JavaScript', 105, 15, 1, 2, 75),
(121, 121, 'SQL', 417, 10, 4, 2, 80),
(122, 122, 'JavaScript', 175, 20, 2, 2, 49),
(123, 123, 'Python', 165, 8, 2, 2, 52),
(124, 124, 'Python', 383, 18, 3, 4, 94),
(125, 125, 'SQL', 270, 6, 10, 3, 76),
(126, 126, 'Python', 390, 20, 2, 5, 75),
(127, 127, 'Python', 436, 10, 1, 4, 72),
(128, 128, 'Java', 432, 15, 5, 0, 67),
(129, 129, 'Python', 110, 20, 5, 0, 86),
(130, 130, 'Python', 410, 11, 1, 4, 61),
(131, 131, 'JavaScript', 127, 16, 6, 2, 96),
(132, 132, 'Python', 320, 12, 9, 2, 79),
(133, 133, 'Python', 347, 9, 10, 1, 98),
(134, 134, 'SQL', 470, 7, 3, 5, 56),
(135, 135, 'SQL', 274, 14, 8, 2, 59),
(136, 136, 'Python', 234, 9, 9, 1, 87),
(137, 137, 'SQL', 302, 11, 4, 1, 92),
(138, 138, 'Java', 299, 19, 5, 0, 81),
(139, 139, 'Java', 71, 11, 8, 0, 43),
(140, 140, 'Python', 355, 14, 10, 2, 97),
(141, 141, 'Python', 499, 8, 3, 2, 72),
(142, 142, 'Java', 278, 7, 7, 1, 56),
(143, 143, 'Java', 308, 14, 7, 1, 48),
(144, 144, 'Python', 297, 5, 10, 2, 98),
(145, 145, 'Java', 485, 5, 5, 3, 98),
(146, 146, 'Java', 237, 18, 5, 3, 51),
(147, 147, 'Python', 54, 11, 8, 0, 93),
(148, 148, 'Python', 264, 9, 2, 4, 67),
(149, 149, 'Java', 217, 8, 6, 2, 97),
(150, 150, 'Java', 300, 6, 7, 0, 67),
(151, 151, 'SQL', 80, 15, 8, 1, 84),
(152, 152, 'Java', 455, 17, 6, 5, 59),
(153, 153, 'Java', 159, 6, 1, 0, 83),
(154, 154, 'JavaScript', 77, 15, 3, 5, 86),
(155, 155, 'SQL', 437, 13, 1, 2, 78),
(156, 156, 'Python', 150, 15, 5, 1, 58),
(157, 157, 'SQL', 152, 9, 2, 1, 50),
(158, 158, 'JavaScript', 324, 16, 5, 0, 49),
(159, 159, 'JavaScript', 144, 19, 9, 2, 69),
(160, 160, 'Python', 114, 20, 6, 1, 95),
(161, 161, 'Java', 401, 11, 3, 1, 74),
(162, 162, 'Java', 450, 9, 4, 3, 69);

--
